{"input_scaler": {"expected_columns": ["Inlet", "Recovery", "Flow"], "offset": {"Inlet": 0.0, "Recovery": 0.05, "Flow": 0.0}, "factor": {"Inlet": 200.0, "Recovery": 0.8999999999999999, "Flow": 32.23}}, "output_scaler": {"expected_columns": ["CAPEX", "OPEX", "Energy"], "offset": {"CAPEX": 0.0, "OPEX": 0.0, "Energy": 0.0}, "factor": {"CAPEX": 459.45957510967, "OPEX": 2134.341007894269, "Energy": 1524.529291353049}}, "input_labels": ["Inlet", "Recovery", "Flow"], "output_labels": ["CAPEX", "OPEX", "Energy"], "input_bounds": {"Inlet": [0.0, 200], "Recovery": [0.05, 0.95], "Flow": [0, 20000.0]}}