{"input_scaler": {"expected_columns": ["Inlet", "Recovery", "Flow"], "offset": {"Inlet": 35.0, "Recovery": 0.05, "Flow": 0.0}, "factor": {"Inlet": 165.0, "Recovery": 0.8999999999999999, "Flow": 140000.0}}, "output_scaler": {"expected_columns": ["CAPEX", "OPEX", "Energy"], "offset": {"CAPEX": 0.0, "OPEX": 0.0, "Energy": 0.0}, "factor": {"CAPEX": 451.0418479942097, "OPEX": 2095.26991901274, "Energy": 1496.621370723386}}, "input_labels": ["Inlet", "Recovery", "Flow"], "output_labels": ["CAPEX", "OPEX", "Energy"], "input_bounds": {"Inlet": [35.0, 200], "Recovery": [0.05, 0.95], "Flow": [0, 140000.0]}}