{"input_scaler": {"expected_columns": ["inlet_salinity", "recovery", "v_T_Capacity"], "offset": {"inlet_salinity": 35.0, "recovery": 36.8421052631579, "v_T_Capacity": 1.0}, "factor": {"inlet_salinity": 165.0, "recovery": 260.4891349252251, "v_T_Capacity": 19.0}}, "output_scaler": {"expected_columns": ["v_C_TreatmentCapEx_Surrogate", "v_C_Treatment_Surrogate", "treatment_energy"], "offset": {"v_C_TreatmentCapEx_Surrogate": 24.37566820700808, "v_C_Treatment_Surrogate": 35.65601825176343, "treatment_energy": 25.46858446554531}, "factor": {"v_C_TreatmentCapEx_Surrogate": 294.89964139664545, "v_C_Treatment_Surrogate": 2942.6413329143097, "treatment_energy": 2101.8866663673634}}, "input_labels": ["inlet_salinity", "recovery", "v_T_Capacity"], "output_labels": ["v_C_TreatmentCapEx_Surrogate", "v_C_Treatment_Surrogate", "treatment_energy"], "input_bounds": {"inlet_salinity": [35.0, 200.0], "recovery": [0.05, 0.95], "v_T_Capacity": [1.0, 20000.0]}}